,Open,High,Low,Close,Volume,Return,MA5,MA10,MA20,STD5,Volume_Change,RSI,Target
2024-09-10,2445.5647543183177,2456.011056775503,2402.8026170783255,2422.5391477651488,12394539,-0.02724607402670587,2505.459558700677,2614.6286925230356,2656.4367677224077,53.735844944491426,-0.08959069281015797,30.696582801074413,2495.973517304639
